Date,Day,Holiday
26-Jan-26,Monday,🇮🇳 Republic Day
21-Mar-26,Saturday,Eid-ul-Fitr
31-Mar-26,Tuesday,Mahavir Jayanti
03-Apr-26,Friday,Good Friday
01-May-26,Friday,Buddha Purnima
27-May-26,Wednesday,Eid-ul-Zuha (Bakrid)
26-Jun-26,Friday,Muharram
15-Aug-26,Saturday,🇮🇳 Independence Day
26-Aug-26,Wednesday,Eid-e-Milad / Milad-un-Nabi
02-Oct-26,Friday,🇮🇳 Gandhi Jayanti
20-Oct-26,Tuesday,Dussehra / Vijay Dashami
08-Nov-26,Sunday,Diwali / Deepavali
24-Nov-26,Tuesday,Guru Nanak Jayanti
25-Dec-26,Friday,Christmas
